Id,Label
fwsetyawan,fwsetyawan
Yadiwiyanto1,Yadiwiyanto1
fauziafief21,fauziafief21
devcepi60,devcepi60
AdjaCapoek,AdjaCapoek
Hegie_bae,Hegie_bae
Rakha_boumi,Rakha_boumi
1yagmurdelisii,1yagmurdelisii
Albyadyiatna,Albyadyiatna
Joker_Wedoks,Joker_Wedoks
Munir_Timur,Munir_Timur
helmihakam7,helmihakam7
berkahsentosa02,berkahsentosa02
amot_kadundon,amot_kadundon
IsrajabMuhammad,IsrajabMuhammad
nandaraam,nandaraam
ChriestyanK,ChriestyanK
pitersim,pitersim
ada_solusi,ada_solusi
luminousmatthew,luminousmatthew
san_jaya78,san_jaya78
sirajapadoha,sirajapadoha
Antonyy_10,Antonyy_10
BaraTeras10969,BaraTeras10969
Syahrull_021,Syahrull_021
FarahNathan24,FarahNathan24
AhlisWae,AhlisWae
RaiTj001,RaiTj001
MarvinNTedjo,MarvinNTedjo
SuLastr82560729,SuLastr82560729
YarsidM,YarsidM
hokimulu,hokimulu
LanangJagad31,LanangJagad31
CjHarto,CjHarto
Kelvin_Sewwotz,Kelvin_Sewwotz
snakeonthebed,snakeonthebed
ZanuAriel,ZanuAriel
dangiangkuning1,dangiangkuning1
DameulE40825,DameulE40825
Kang_Cepot,Kang_Cepot
gyhhh610,gyhhh610
Haydhar3,Haydhar3
saposikompak,saposikompak
EffendiRistriy1,EffendiRistriy1
rhm84e,rhm84e
SuciptoHad53960,SuciptoHad53960
AubreyA09848898,AubreyA09848898
chris_edwardi,chris_edwardi
bud1_f1,bud1_f1
jit_tok,jit_tok
Asmaragadjyry,Asmaragadjyry
Mr_PrasT_Jr,Mr_PrasT_Jr
EkoEkobigcity,EkoEkobigcity
WinSamb,WinSamb
soak438321,soak438321
deddyyunarto,deddyyunarto
oxdewawin,oxdewawin
ttheomanalu,ttheomanalu
dean_deanlova,dean_deanlova
GerardVanny,GerardVanny
al_tiawan,al_tiawan
BeckhamArmy,BeckhamArmy
gyubtrxh,gyubtrxh
BiruBir26073179,BiruBir26073179
herihero88,herihero88
presiden_Wahabi,presiden_Wahabi
Nightingaler02,Nightingaler02
sundanga_1,sundanga_1
YonathanMichael,YonathanMichael
SabaruddinS64,SabaruddinS64
Tatto26141368,Tatto26141368
ParapatYohanes,ParapatYohanes
fathreeana,fathreeana
waroenk_koffee,waroenk_koffee
Pe_Enestee,Pe_Enestee
shandy_andre,shandy_andre
Benlizp,Benlizp
abdul_waringin,abdul_waringin
gory_ch,gory_ch
Ardians24224357,Ardians24224357
ExclusiveBstrd,ExclusiveBstrd
indonetwork,indonetwork
zainalmusyaffak,zainalmusyaffak
lambedigdoyo,lambedigdoyo
ArnoldS81008357,ArnoldS81008357
sebastian161259,sebastian161259
RaakezOnline,RaakezOnline
kumur69,kumur69
FahrulMch,FahrulMch
